sdasdsa;0
uwu;0
omer;0
sddsf;0
Yusuf baba pro;0
hey yo whatsap tereyaglý ballý ya**k;0
Hamza gigachad;0
wuhuuuuu;0
hey hey;0
babanen;0
baba pro;0
fdsfds;0
tururururu;0
asddas;0
heyyyo;0
raarararrara;0
rararar;0
yahya is cute imo ;0
i love blaze;0
rerrerere;0
uwu;0
rura;0
tipitip;0
uwu_2;0
huso;0
yipppiiii;0
worms is peak >:);0
pico;0
green mario;0
zibidi;0
log;0
kkkkk;0
zombot;0
ratatata;0
zavok;0
surge from idw comics;0
z;0
yarrrak;0
tarrane;0
uwu;0
rse;0
NoName;0
NoName;0
NoName;0
NoName;0
NoName;0
NoName;0
tahana;0
NoName;0
NoName;0
NoName;0
NoName;0
NoName;0
NoName;0
NoName;0
NoName;0
NoName;0
NoName;0
NoName;0
NoName;0
NoName;0
